{
  "log": [
  ],
  "login": [
    {
      "token": "YWRtaW4jYWRtaW4jMjAxOC0xLTMwIzk6MjY6NDY=",
      "id": "admin",
      "pass": "YWRtaW4="
    },
    {
      "id": "jorge",
      "pass": "am9yZ2U=",
      "token": ""
    }
  ],
  "registro": [],
  "usuarios": [
    {
      "id": "admin",
      "nombre": "admin",
      "departamento": "admin",
      "nivel": "admin"
    },
    {
      "id": "jorge",
      "nombre": "jorge jorge jorge",
      "departamento": "jorge",
      "nivel": "profesor"
    }
  ],
  "peticiones": [
  ],
  "anexos": []

}