{
  "login": [
    {
      "token": "",
      "id": "",
      "pass": ""
    }
  ],
  "registro": [
    {
      "id": "",
      "pass": "",
      "nombre": "",
      "departamento": "",
      "nivel": ""
    }
  ],
  "usuarios": [
    {
      "id": "",
      "nombre": "",
      "departamento": "",
      "nivel": ""
    }
  ],
  "log": [],
  "peticiones": [
    {
      "id": 1,
      "idUsuario": "",
      "cola": "",
      "nombreSolicitante": "",
      "fechaCreacion": "",
      "fechaLlegada": "",
      "motivo": "",
      "jornada": {
        "completa": {
          "diaInicio": "",
          "diaFin": ""
        },
        "parcial": {
          "diaInicio": "",
          "horaInicio": "",
          "diaFin": "",
          "horaFin": ""
        }
      },
      "horario": {
        "1": {
          "dia": "2018-01-",
          "hora": "",
          "curso": "",
          "asignatura": "",
          "sustituto": ""
        },
        "2": {
          "dia": "",
          "hora": "",
          "curso": "",
          "asignatura": "",
          "sustituto": ""
        },
        "3": {
          "dia": "",
          "hora": "",
          "curso": "",
          "asignatura": "",
          "sustituto": ""
        },
        "4": {
          "dia": "",
          "hora": "",
          "curso": "",
          "asignatura": "",
          "sustituto": ""
        },
        "5": {
          "dia": "",
          "hora": "",
          "curso": "",
          "asignatura": "",
          "sustituto": ""
        },
        "6": {
          "dia": "",
          "hora": "",
          "curso": "",
          "asignatura": "",
          "sustituto": ""
        },
        "7": {
          "dia": "",
          "hora": "",
          "curso": "",
          "asignatura": "",
          "sustituto": ""
        },
        "8": {
          "dia": "",
          "hora": "",
          "curso": "",
          "asignatura": "",
          "sustituto": ""
        }
      },
      "observaciones": "",
      "fechaFirma": "",
      "firma": "",
      "comentarios": [],
      "anexos": []
    }
  ]
}